[{"pk": 9, "model": "contenttypes.contenttype", "fields": {"model": "bookmark", "name": "bookmark", "app_label": "bookmarks"}}, {"pk": 12, "model": "contenttypes.contenttype", "fields": {"model": "comment", "name": "comment", "app_label": "comments"}}, {"pk": 13, "model": "contenttypes.contenttype", "fields": {"model": "commentflag", "name": "comment flag", "app_label": "comments"}}, {"pk": 5, "model": "contenttypes.contenttype", "fields": {"model": "contenttype", "name": "content type", "app_label": "contenttypes"}}, {"pk": 15, "model": "contenttypes.contenttype", "fields": {"model": "friendship", "name": "friendship", "app_label": "bookmarks"}}, {"pk": 2, "model": "contenttypes.contenttype", "fields": {"model": "group", "name": "group", "app_label": "auth"}}, {"pk": 16, "model": "contenttypes.contenttype", "fields": {"model": "invitation", "name": "invitation", "app_label": "bookmarks"}}, {"pk": 8, "model": "contenttypes.contenttype", "fields": {"model": "link", "name": "link", "app_label": "bookmarks"}}, {"pk": 14, "model": "contenttypes.contenttype", "fields": {"model": "logentry", "name": "log entry", "app_label": "admin"}}, {"pk": 4, "model": "contenttypes.contenttype", "fields": {"model": "message", "name": "message", "app_label": "auth"}}, {"pk": 1, "model": "contenttypes.contenttype", "fields": {"model": "permission", "name": "permission", "app_label": "auth"}}, {"pk": 6, "model": "contenttypes.contenttype", "fields": {"model": "session", "name": "session", "app_label": "sessions"}}, {"pk": 11, "model": "contenttypes.contenttype", "fields": {"model": "sharedbookmark", "name": "shared bookmark", "app_label": "bookmarks"}}, {"pk": 7, "model": "contenttypes.contenttype", "fields": {"model": "site", "name": "site", "app_label": "sites"}}, {"pk": 10, "model": "contenttypes.contenttype", "fields": {"model": "tag", "name": "tag", "app_label": "bookmarks"}}, {"pk": 3, "model": "contenttypes.contenttype", "fields": {"model": "user", "name": "user", "app_label": "auth"}}, {"pk": "3ba084085c1765836ccb60471a9195e9", "model": "sessions.session", "fields": {"expire_date": "2011-07-09 22:33:41", "session_data": "OWRhMjJmNDcyZTYzOTE4ZWFhOGYzNDdiMTNkMWNmMDQxMTk1NGFhOTqAAn1xAS4=\n"}}, {"pk": "7d9d699b18ffb1f1d257d8045d52e252", "model": "sessions.session", "fields": {"expire_date": "2011-07-13 12:30:31", "session_data": "OGZhNmExZjBhNDFiZjEyMWY3ZDU5YzNlM2NhYjg5ZDg1ZDdmNzdhZTqAAn1xAVUKdGVzdGNvb2tp\nZVUGd29ya2VkcQJzLg==\n"}}, {"pk": "af3c4924511797d195fcea7533a4a5de", "model": "sessions.session", "fields": {"expire_date": "2011-07-25 21:38:48", "session_data": "ODI3YmY3MGU1YmY4ZWI1OWE1ODk1NDE3NjRiMzY2MTk3NWU3YzZiYTqAAn1xAShVEl9hdXRoX3Vz\nZXJfYmFja2VuZHECVSlkamFuZ28uY29udHJpYi5hdXRoLmJhY2tlbmRzLk1vZGVsQmFja2VuZHED\nVQ1fYXV0aF91c2VyX2lkcQRLAXUu\n"}}, {"pk": "e0fd742c7f93de6272848cdc1c51e280", "model": "sessions.session", "fields": {"expire_date": "2011-08-03 11:34:22", "session_data": "ODI3YmY3MGU1YmY4ZWI1OWE1ODk1NDE3NjRiMzY2MTk3NWU3YzZiYTqAAn1xAShVEl9hdXRoX3Vz\nZXJfYmFja2VuZHECVSlkamFuZ28uY29udHJpYi5hdXRoLmJhY2tlbmRzLk1vZGVsQmFja2VuZHED\nVQ1fYXV0aF91c2VyX2lkcQRLAXUu\n"}}, {"pk": "8e70db9d2238c18b2dcba80ab8b57edb", "model": "sessions.session", "fields": {"expire_date": "2011-08-06 00:12:13", "session_data": "ODI3YmY3MGU1YmY4ZWI1OWE1ODk1NDE3NjRiMzY2MTk3NWU3YzZiYTqAAn1xAShVEl9hdXRoX3Vz\nZXJfYmFja2VuZHECVSlkamFuZ28uY29udHJpYi5hdXRoLmJhY2tlbmRzLk1vZGVsQmFja2VuZHED\nVQ1fYXV0aF91c2VyX2lkcQRLAXUu\n"}}, {"pk": "1496e35d0a70b3ccd12bc7a7b228afd4", "model": "sessions.session", "fields": {"expire_date": "2011-08-06 23:16:36", "session_data": "OWRhMjJmNDcyZTYzOTE4ZWFhOGYzNDdiMTNkMWNmMDQxMTk1NGFhOTqAAn1xAS4=\n"}}, {"pk": 1, "model": "sites.site", "fields": {"domain": "example.com", "name": "example.com"}}, {"pk": 1, "model": "bookmarks.link", "fields": {"url": "http://www.packtpub.com/"}}, {"pk": 2, "model": "bookmarks.link", "fields": {"url": "http://www.newegg.com/"}}, {"pk": 3, "model": "bookmarks.link", "fields": {"url": "http://www.vcpi.com/"}}, {"pk": 4, "model": "bookmarks.link", "fields": {"url": "http://www.google.com/"}}, {"pk": 5, "model": "bookmarks.link", "fields": {"url": "http://www.slashdot.org/"}}, {"pk": 6, "model": "bookmarks.link", "fields": {"url": "http://www.thinkgeek.com/"}}, {"pk": 7, "model": "bookmarks.link", "fields": {"url": "http://stackoverflow.com/questions/1862904/customizing-django-comments"}}, {"pk": 8, "model": "bookmarks.link", "fields": {"url": "http://thejaswi.info/tech/blog/2009/08/04/reusable-app-authenticated-comments/"}}, {"pk": 9, "model": "bookmarks.link", "fields": {"url": "http://stackoverflow.com/questions/5503616/how-to-correct-this-error-adminsite-object-has-no-attribute-root"}}, {"pk": 10, "model": "bookmarks.link", "fields": {"url": "http://www.petri.co.il/download_free_reskit_tools.htm"}}, {"pk": 11, "model": "bookmarks.link", "fields": {"url": "https://secure.logmein.com/"}}, {"pk": 12, "model": "bookmarks.link", "fields": {"url": "https://www.jonparrish.com/index.html"}}, {"pk": 13, "model": "bookmarks.link", "fields": {"url": "http://www.java.com/"}}, {"pk": 14, "model": "bookmarks.link", "fields": {"url": "http://java.com/"}}, {"pk": 15, "model": "bookmarks.link", "fields": {"url": "http://www.yahoo.com/"}}, {"pk": 16, "model": "bookmarks.link", "fields": {"url": "http://www.aol.com/"}}, {"pk": 17, "model": "bookmarks.link", "fields": {"url": "http://www.mikeandike.com/"}}, {"pk": 1, "model": "bookmarks.bookmark", "fields": {"link": 1, "user": 1, "title": "Packt Publishing"}}, {"pk": 2, "model": "bookmarks.bookmark", "fields": {"link": 2, "user": 1, "title": "Newegg"}}, {"pk": 3, "model": "bookmarks.bookmark", "fields": {"link": 3, "user": 1, "title": "Virtual Care Provider"}}, {"pk": 4, "model": "bookmarks.bookmark", "fields": {"link": 3, "user": 2, "title": "Work"}}, {"pk": 5, "model": "bookmarks.bookmark", "fields": {"link": 4, "user": 2, "title": "<script>alert(\"Test.\");</script>"}}, {"pk": 6, "model": "bookmarks.bookmark", "fields": {"link": 5, "user": 1, "title": "Slashdot: News for nerds, stuff that matters"}}, {"pk": 7, "model": "bookmarks.bookmark", "fields": {"link": 6, "user": 1, "title": "ThinkGeek"}}, {"pk": 8, "model": "bookmarks.bookmark", "fields": {"link": 7, "user": 1, "title": "Django form.html Security Workaround"}}, {"pk": 9, "model": "bookmarks.bookmark", "fields": {"link": 8, "user": 1, "title": "Authenticated Comments App"}}, {"pk": 10, "model": "bookmarks.bookmark", "fields": {"link": 9, "user": 1, "title": "Fix Url Entry for Admin Site"}}, {"pk": 11, "model": "bookmarks.bookmark", "fields": {"link": 10, "user": 1, "title": "Tech Tools"}}, {"pk": 12, "model": "bookmarks.bookmark", "fields": {"link": 11, "user": 1, "title": "LogMeIn"}}, {"pk": 13, "model": "bookmarks.bookmark", "fields": {"link": 12, "user": 1, "title": "Jon Parrish"}}, {"pk": 14, "model": "bookmarks.bookmark", "fields": {"link": 13, "user": 1, "title": "JavaScript Number Two"}}, {"pk": 15, "model": "bookmarks.bookmark", "fields": {"link": 14, "user": 1, "title": "JavaScript domain only"}}, {"pk": 16, "model": "bookmarks.bookmark", "fields": {"link": 15, "user": 2, "title": "Yahoo"}}, {"pk": 17, "model": "bookmarks.bookmark", "fields": {"link": 16, "user": 1, "title": "AOL"}}, {"pk": 18, "model": "bookmarks.bookmark", "fields": {"link": 17, "user": 4, "title": "Mike and Ikes"}}, {"pk": 1, "model": "bookmarks.tag", "fields": {"bookmarks": [1], "name": "book"}}, {"pk": 2, "model": "bookmarks.tag", "fields": {"bookmarks": [1], "name": "publisher"}}, {"pk": 3, "model": "bookmarks.tag", "fields": {"bookmarks": [3, 4], "name": "Work"}}, {"pk": 4, "model": "bookmarks.tag", "fields": {"bookmarks": [3, 4], "name": "VCPI"}}, {"pk": 5, "model": "bookmarks.tag", "fields": {"bookmarks": [5], "name": "Test"}}, {"pk": 6, "model": "bookmarks.tag", "fields": {"bookmarks": [3], "name": "work"}}, {"pk": 7, "model": "bookmarks.tag", "fields": {"bookmarks": [3], "name": "vcpi"}}, {"pk": 8, "model": "bookmarks.tag", "fields": {"bookmarks": [2], "name": "newegg"}}, {"pk": 9, "model": "bookmarks.tag", "fields": {"bookmarks": [2], "name": "Newegg"}}, {"pk": 10, "model": "bookmarks.tag", "fields": {"bookmarks": [2], "name": "Egg"}}, {"pk": 11, "model": "bookmarks.tag", "fields": {"bookmarks": [6], "name": "Slashdot"}}, {"pk": 12, "model": "bookmarks.tag", "fields": {"bookmarks": [6], "name": "News"}}, {"pk": 13, "model": "bookmarks.tag", "fields": {"bookmarks": [7], "name": "Nerd"}}, {"pk": 14, "model": "bookmarks.tag", "fields": {"bookmarks": [7], "name": "Stuff"}}, {"pk": 15, "model": "bookmarks.tag", "fields": {"bookmarks": [8], "name": "form.html"}}, {"pk": 16, "model": "bookmarks.tag", "fields": {"bookmarks": [8], "name": "security"}}, {"pk": 17, "model": "bookmarks.tag", "fields": {"bookmarks": [9], "name": "Comments"}}, {"pk": 18, "model": "bookmarks.tag", "fields": {"bookmarks": [10], "name": "Admin"}}, {"pk": 19, "model": "bookmarks.tag", "fields": {"bookmarks": [10], "name": "Url"}}, {"pk": 20, "model": "bookmarks.tag", "fields": {"bookmarks": [11], "name": "Tools"}}, {"pk": 21, "model": "bookmarks.tag", "fields": {"bookmarks": [12], "name": "logmein"}}, {"pk": 22, "model": "bookmarks.tag", "fields": {"bookmarks": [12], "name": "Logmein"}}, {"pk": 23, "model": "bookmarks.tag", "fields": {"bookmarks": [13], "name": "Jon"}}, {"pk": 24, "model": "bookmarks.tag", "fields": {"bookmarks": [13], "name": "Parrish"}}, {"pk": 25, "model": "bookmarks.tag", "fields": {"bookmarks": [14, 15], "name": "JavaScript"}}, {"pk": 26, "model": "bookmarks.tag", "fields": {"bookmarks": [14], "name": "Web"}}, {"pk": 27, "model": "bookmarks.tag", "fields": {"bookmarks": [16], "name": "Yahoo"}}, {"pk": 28, "model": "bookmarks.tag", "fields": {"bookmarks": [17], "name": "AOL"}}, {"pk": 29, "model": "bookmarks.tag", "fields": {"bookmarks": [18], "name": "Ike"}}, {"pk": 1, "model": "bookmarks.sharedbookmark", "fields": {"bookmark": 7, "date": "2011-07-05 12:17:46", "votes": 2, "users_voted": [1, 2]}}, {"pk": 2, "model": "bookmarks.sharedbookmark", "fields": {"bookmark": 6, "date": "2011-07-07 14:29:02", "votes": 1, "users_voted": [1]}}, {"pk": 3, "model": "bookmarks.sharedbookmark", "fields": {"bookmark": 1, "date": "2011-07-07 14:29:16", "votes": 1, "users_voted": [1]}}, {"pk": 4, "model": "bookmarks.sharedbookmark", "fields": {"bookmark": 2, "date": "2011-07-07 14:29:20", "votes": 1, "users_voted": [1]}}, {"pk": 5, "model": "bookmarks.sharedbookmark", "fields": {"bookmark": 11, "date": "2011-07-15 13:24:49", "votes": 1, "users_voted": [1]}}, {"pk": 6, "model": "bookmarks.sharedbookmark", "fields": {"bookmark": 16, "date": "2011-07-18 12:06:30", "votes": 1, "users_voted": [2]}}, {"pk": 7, "model": "bookmarks.sharedbookmark", "fields": {"bookmark": 17, "date": "2011-07-18 12:37:07", "votes": 1, "users_voted": [1]}}, {"pk": 8, "model": "bookmarks.sharedbookmark", "fields": {"bookmark": 18, "date": "2011-07-20 11:34:04", "votes": 1, "users_voted": [4]}}, {"pk": 1, "model": "bookmarks.friendship", "fields": {"to_friend": 2, "from_friend": 1}}, {"pk": 2, "model": "bookmarks.friendship", "fields": {"to_friend": 3, "from_friend": 1}}, {"pk": 3, "model": "bookmarks.friendship", "fields": {"to_friend": 1, "from_friend": 2}}, {"pk": 4, "model": "bookmarks.friendship", "fields": {"to_friend": 4, "from_friend": 1}}, {"pk": 1, "model": "bookmarks.invitation", "fields": {"code": "2cmGjcLgWdqq3yer4wsF", "sender": 1, "name": "Joe Bob", "email": "test@test.com"}}, {"pk": 2, "model": "bookmarks.invitation", "fields": {"code": "yn3NqZPcLtEVmCKFvLtL", "sender": 1, "name": "Joe Bob", "email": "herthere@nowhere.com"}}, {"pk": 1, "model": "comments.comment", "fields": {"comment": "I Love Eggs!!!", "user_url": "", "submit_date": "2011-07-12 08:31:33", "ip_address": "127.0.0.1", "object_pk": "4", "site": 1, "is_removed": false, "user": 1, "content_type": 11, "is_public": true, "user_name": "jparrish", "user_email": "jparrish@parrish.com"}}, {"pk": 2, "model": "comments.comment", "fields": {"comment": "Comment 2", "user_url": "", "submit_date": "2011-07-12 08:57:44", "ip_address": "127.0.0.1", "object_pk": "4", "site": 1, "is_removed": false, "user": 1, "content_type": 11, "is_public": true, "user_name": "jparrish", "user_email": "jparrish@parrish.com"}}, {"pk": 3, "model": "comments.comment", "fields": {"comment": "Comment 3", "user_url": "", "submit_date": "2011-07-12 11:38:40", "ip_address": "127.0.0.1", "object_pk": "4", "site": 1, "is_removed": false, "user": 1, "content_type": 11, "is_public": true, "user_name": "jparrish", "user_email": "jparrish@parrish.com"}}, {"pk": 4, "model": "comments.comment", "fields": {"comment": "Good Book", "user_url": "", "submit_date": "2011-07-12 11:43:33", "ip_address": "127.0.0.1", "object_pk": "3", "site": 1, "is_removed": false, "user": 2, "content_type": 11, "is_public": true, "user_name": "Bob", "user_email": "bob@email.com"}}, {"pk": 5, "model": "comments.comment", "fields": {"comment": "Comment 4, built in Form.html", "user_url": "", "submit_date": "2011-07-12 11:50:03", "ip_address": "127.0.0.1", "object_pk": "4", "site": 1, "is_removed": false, "user": 2, "content_type": 11, "is_public": true, "user_name": "Bob", "user_email": "bob@email.com"}}, {"pk": 6, "model": "comments.comment", "fields": {"comment": "Test", "user_url": "", "submit_date": "2011-07-12 11:51:50", "ip_address": "127.0.0.1", "object_pk": "2", "site": 1, "is_removed": false, "user": 2, "content_type": 11, "is_public": true, "user_name": "Bob", "user_email": "bob@email.com"}}, {"pk": 7, "model": "comments.comment", "fields": {"comment": "Think Geek", "user_url": "", "submit_date": "2011-07-12 11:55:38", "ip_address": "127.0.0.1", "object_pk": "1", "site": 1, "is_removed": false, "user": 2, "content_type": 11, "is_public": true, "user_name": "Bob", "user_email": "bob@email.com"}}, {"pk": 8, "model": "comments.comment", "fields": {"comment": "Think Again", "user_url": "", "submit_date": "2011-07-12 11:57:05", "ip_address": "127.0.0.1", "object_pk": "1", "site": 1, "is_removed": false, "user": 2, "content_type": 11, "is_public": true, "user_name": "Bob", "user_email": "bob@email.com"}}, {"pk": 9, "model": "comments.comment", "fields": {"comment": "Think yet again", "user_url": "", "submit_date": "2011-07-12 11:57:52", "ip_address": "127.0.0.1", "object_pk": "1", "site": 1, "is_removed": false, "user": 2, "content_type": 11, "is_public": true, "user_name": "Bob", "user_email": "bob@email.com"}}, {"pk": 10, "model": "comments.comment", "fields": {"comment": "Test", "user_url": "", "submit_date": "2011-07-12 11:58:59", "ip_address": "127.0.0.1", "object_pk": "3", "site": 1, "is_removed": false, "user": 2, "content_type": 11, "is_public": true, "user_name": "Bob", "user_email": "bob@email.com"}}, {"pk": 11, "model": "comments.comment", "fields": {"comment": "test", "user_url": "", "submit_date": "2011-07-12 12:00:28", "ip_address": "127.0.0.1", "object_pk": "1", "site": 1, "is_removed": false, "user": 2, "content_type": 11, "is_public": true, "user_name": "Bob", "user_email": "bob@email.com"}}, {"pk": 12, "model": "comments.comment", "fields": {"comment": "test", "user_url": "", "submit_date": "2011-07-12 12:01:20", "ip_address": "127.0.0.1", "object_pk": "3", "site": 1, "is_removed": false, "user": 2, "content_type": 11, "is_public": true, "user_name": "Bob", "user_email": "bob@email.com"}}, {"pk": 13, "model": "comments.comment", "fields": {"comment": "test3", "user_url": "", "submit_date": "2011-07-12 12:02:18", "ip_address": "127.0.0.1", "object_pk": "1", "site": 1, "is_removed": false, "user": 2, "content_type": 11, "is_public": true, "user_name": "Bob", "user_email": "bob@email.com"}}, {"pk": 14, "model": "comments.comment", "fields": {"comment": "test", "user_url": "", "submit_date": "2011-07-12 12:04:18", "ip_address": "127.0.0.1", "object_pk": "2", "site": 1, "is_removed": false, "user": 2, "content_type": 11, "is_public": true, "user_name": "Bob", "user_email": "bob@email.com"}}, {"pk": 15, "model": "comments.comment", "fields": {"comment": "test", "user_url": "", "submit_date": "2011-07-12 12:16:55", "ip_address": "127.0.0.1", "object_pk": "4", "site": 1, "is_removed": false, "user": 2, "content_type": 11, "is_public": true, "user_name": "Bob", "user_email": "bob@email.com"}}, {"pk": 16, "model": "comments.comment", "fields": {"comment": "Test with Bob", "user_url": "", "submit_date": "2011-07-12 12:51:07", "ip_address": "127.0.0.1", "object_pk": "4", "site": 1, "is_removed": false, "user": 1, "content_type": 11, "is_public": true, "user_name": "jparrish", "user_email": "jparrish@parrish.com"}}, {"pk": 7, "model": "admin.logentry", "fields": {"action_flag": 1, "action_time": "2011-07-18 11:19:55", "object_repr": "Larry", "object_id": "3", "change_message": "", "user": 1, "content_type": 3}}, {"pk": 6, "model": "admin.logentry", "fields": {"action_flag": 2, "action_time": "2011-07-14 11:28:57", "object_repr": "TestGroup", "object_id": "1", "change_message": "Changed permissions.", "user": 1, "content_type": 2}}, {"pk": 5, "model": "admin.logentry", "fields": {"action_flag": 1, "action_time": "2011-07-14 11:23:47", "object_repr": "TestGroup", "object_id": "1", "change_message": "", "user": 1, "content_type": 2}}, {"pk": 4, "model": "admin.logentry", "fields": {"action_flag": 2, "action_time": "2011-07-14 09:09:35", "object_repr": "Bob", "object_id": "2", "change_message": "Changed is_superuser.", "user": 1, "content_type": 3}}, {"pk": 3, "model": "admin.logentry", "fields": {"action_flag": 2, "action_time": "2011-07-14 09:09:02", "object_repr": "jparrish: Test with Bob...", "object_id": "16", "change_message": "Changed comment.", "user": 2, "content_type": 12}}, {"pk": 2, "model": "admin.logentry", "fields": {"action_flag": 2, "action_time": "2011-07-14 09:08:18", "object_repr": "Bob", "object_id": "2", "change_message": "Changed is_staff and is_superuser.", "user": 1, "content_type": 3}}, {"pk": 1, "model": "admin.logentry", "fields": {"action_flag": 2, "action_time": "2011-07-14 09:07:03", "object_repr": "Bob", "object_id": "2", "change_message": "Changed user_permissions.", "user": 1, "content_type": 3}}, {"pk": 41, "model": "auth.permission", "fields": {"codename": "add_logentry", "name": "Can add log entry", "content_type": 14}}, {"pk": 42, "model": "auth.permission", "fields": {"codename": "change_logentry", "name": "Can change log entry", "content_type": 14}}, {"pk": 43, "model": "auth.permission", "fields": {"codename": "delete_logentry", "name": "Can delete log entry", "content_type": 14}}, {"pk": 4, "model": "auth.permission", "fields": {"codename": "add_group", "name": "Can add group", "content_type": 2}}, {"pk": 5, "model": "auth.permission", "fields": {"codename": "change_group", "name": "Can change group", "content_type": 2}}, {"pk": 6, "model": "auth.permission", "fields": {"codename": "delete_group", "name": "Can delete group", "content_type": 2}}, {"pk": 10, "model": "auth.permission", "fields": {"codename": "add_message", "name": "Can add message", "content_type": 4}}, {"pk": 11, "model": "auth.permission", "fields": {"codename": "change_message", "name": "Can change message", "content_type": 4}}, {"pk": 12, "model": "auth.permission", "fields": {"codename": "delete_message", "name": "Can delete message", "content_type": 4}}, {"pk": 1, "model": "auth.permission", "fields": {"codename": "add_permission", "name": "Can add permission", "content_type": 1}}, {"pk": 2, "model": "auth.permission", "fields": {"codename": "change_permission", "name": "Can change permission", "content_type": 1}}, {"pk": 3, "model": "auth.permission", "fields": {"codename": "delete_permission", "name": "Can delete permission", "content_type": 1}}, {"pk": 7, "model": "auth.permission", "fields": {"codename": "add_user", "name": "Can add user", "content_type": 3}}, {"pk": 8, "model": "auth.permission", "fields": {"codename": "change_user", "name": "Can change user", "content_type": 3}}, {"pk": 9, "model": "auth.permission", "fields": {"codename": "delete_user", "name": "Can delete user", "content_type": 3}}, {"pk": 25, "model": "auth.permission", "fields": {"codename": "add_bookmark", "name": "Can add bookmark", "content_type": 9}}, {"pk": 26, "model": "auth.permission", "fields": {"codename": "change_bookmark", "name": "Can change bookmark", "content_type": 9}}, {"pk": 27, "model": "auth.permission", "fields": {"codename": "delete_bookmark", "name": "Can delete bookmark", "content_type": 9}}, {"pk": 44, "model": "auth.permission", "fields": {"codename": "add_friendship", "name": "Can add friendship", "content_type": 15}}, {"pk": 45, "model": "auth.permission", "fields": {"codename": "change_friendship", "name": "Can change friendship", "content_type": 15}}, {"pk": 46, "model": "auth.permission", "fields": {"codename": "delete_friendship", "name": "Can delete friendship", "content_type": 15}}, {"pk": 47, "model": "auth.permission", "fields": {"codename": "add_invitation", "name": "Can add invitation", "content_type": 16}}, {"pk": 48, "model": "auth.permission", "fields": {"codename": "change_invitation", "name": "Can change invitation", "content_type": 16}}, {"pk": 49, "model": "auth.permission", "fields": {"codename": "delete_invitation", "name": "Can delete invitation", "content_type": 16}}, {"pk": 22, "model": "auth.permission", "fields": {"codename": "add_link", "name": "Can add link", "content_type": 8}}, {"pk": 23, "model": "auth.permission", "fields": {"codename": "change_link", "name": "Can change link", "content_type": 8}}, {"pk": 24, "model": "auth.permission", "fields": {"codename": "delete_link", "name": "Can delete link", "content_type": 8}}, {"pk": 31, "model": "auth.permission", "fields": {"codename": "add_sharedbookmark", "name": "Can add shared bookmark", "content_type": 11}}, {"pk": 32, "model": "auth.permission", "fields": {"codename": "change_sharedbookmark", "name": "Can change shared bookmark", "content_type": 11}}, {"pk": 33, "model": "auth.permission", "fields": {"codename": "delete_sharedbookmark", "name": "Can delete shared bookmark", "content_type": 11}}, {"pk": 28, "model": "auth.permission", "fields": {"codename": "add_tag", "name": "Can add tag", "content_type": 10}}, {"pk": 29, "model": "auth.permission", "fields": {"codename": "change_tag", "name": "Can change tag", "content_type": 10}}, {"pk": 30, "model": "auth.permission", "fields": {"codename": "delete_tag", "name": "Can delete tag", "content_type": 10}}, {"pk": 34, "model": "auth.permission", "fields": {"codename": "add_comment", "name": "Can add comment", "content_type": 12}}, {"pk": 37, "model": "auth.permission", "fields": {"codename": "can_moderate", "name": "Can moderate comments", "content_type": 12}}, {"pk": 35, "model": "auth.permission", "fields": {"codename": "change_comment", "name": "Can change comment", "content_type": 12}}, {"pk": 36, "model": "auth.permission", "fields": {"codename": "delete_comment", "name": "Can delete comment", "content_type": 12}}, {"pk": 38, "model": "auth.permission", "fields": {"codename": "add_commentflag", "name": "Can add comment flag", "content_type": 13}}, {"pk": 39, "model": "auth.permission", "fields": {"codename": "change_commentflag", "name": "Can change comment flag", "content_type": 13}}, {"pk": 40, "model": "auth.permission", "fields": {"codename": "delete_commentflag", "name": "Can delete comment flag", "content_type": 13}}, {"pk": 13, "model": "auth.permission", "fields": {"codename": "add_contenttype", "name": "Can add content type", "content_type": 5}}, {"pk": 14, "model": "auth.permission", "fields": {"codename": "change_contenttype", "name": "Can change content type", "content_type": 5}}, {"pk": 15, "model": "auth.permission", "fields": {"codename": "delete_contenttype", "name": "Can delete content type", "content_type": 5}}, {"pk": 16, "model": "auth.permission", "fields": {"codename": "add_session", "name": "Can add session", "content_type": 6}}, {"pk": 17, "model": "auth.permission", "fields": {"codename": "change_session", "name": "Can change session", "content_type": 6}}, {"pk": 18, "model": "auth.permission", "fields": {"codename": "delete_session", "name": "Can delete session", "content_type": 6}}, {"pk": 19, "model": "auth.permission", "fields": {"codename": "add_site", "name": "Can add site", "content_type": 7}}, {"pk": 20, "model": "auth.permission", "fields": {"codename": "change_site", "name": "Can change site", "content_type": 7}}, {"pk": 21, "model": "auth.permission", "fields": {"codename": "delete_site", "name": "Can delete site", "content_type": 7}}, {"pk": 1, "model": "auth.group", "fields": {"name": "TestGroup", "permissions": [34, 37, 35, 36]}}, {"pk": 1, "model": "auth.user", "fields": {"username": "jparrish", "first_name": "", "last_name": "", "is_active": true, "is_superuser": true, "is_staff": true, "last_login": "2011-07-23 00:12:12", "groups": [], "user_permissions": [], "password": "sha1$dc755$6308ba9bf6e555217b61335f63e014b9c6773c35", "email": "jparrish@parrish.com", "date_joined": "2011-06-18 15:13:51"}}, {"pk": 2, "model": "auth.user", "fields": {"username": "Bob", "first_name": "", "last_name": "", "is_active": true, "is_superuser": false, "is_staff": true, "last_login": "2011-07-18 12:05:50", "groups": [], "user_permissions": [25, 26, 27, 22, 23, 24, 28, 29, 30], "password": "sha1$fa75b$c671bf9d4d563a9a760456a891df3dc138dc4ded", "email": "bob@email.com", "date_joined": "2011-06-23 13:21:37"}}, {"pk": 3, "model": "auth.user", "fields": {"username": "Larry", "first_name": "", "last_name": "", "is_active": true, "is_superuser": false, "is_staff": false, "last_login": "2011-07-18 21:49:44", "groups": [], "user_permissions": [], "password": "sha1$0b0ba$9acbc2d7b7bd7e64f2f9d76bd6935ee67937a4ad", "email": "", "date_joined": "2011-07-18 11:19:55"}}, {"pk": 4, "model": "auth.user", "fields": {"username": "Ike", "first_name": "", "last_name": "", "is_active": true, "is_superuser": false, "is_staff": false, "last_login": "2011-07-20 11:33:08", "groups": [], "user_permissions": [], "password": "sha1$e630d$64783c5bc0f9048b4b7601e0d1da70c33eacb921", "email": "ike@nowhere.com", "date_joined": "2011-07-20 11:32:57"}}]